[
    {
        "author" : "Bahamut-Osa",
        "name" : "FinalFantasy9",
        "keyWords" : "FinalFantasy,theme",
        "version" : "1.0.0",
        "dofusVersion" : "2.37",
        "description" : "Ce th�me est bas� sur l'interface de jeu de Final Fantasy 9",
        "url" : "https://github.com/Bahamut-Osa/themedofus/blob/master/FinalFantasy9theme.zip?raw=true",
        "previewUrl" : "https://raw.githubusercontent.com/Bahamut-Osa/themedofus/master/FinalFantasy9Preview.jpg",
        "creationDate" : "14/11/2016", 
        "modificationDate" : "14/11/2016" 
    } 
]