[
    {
        "author" : "Bahamut-King",
        "name" : "FinalFantasy9",
        "keyWords" : "FinalFantasy,theme",
        "version" : "2.39.3",
        "dofusVersion" : "2.39",
        "description" : "Ce th�me est bas� sur l'interface de jeu de Final Fantasy 9",
        "url" : "https://github.com/Bahamut-Osa/themedofus/blob/master/FinalFantasy9.zip?raw=true",
        "previewUrl" : "https://raw.githubusercontent.com/Bahamut-Osa/themedofus/master/FinalFantasy9Preview.jpg",
        "creationDate" : "04/11/2016", 
        "modificationDate" : "18/12/2016" 
    } 
]